<?xml version="1.0" encoding="utf-8" ?>
<dwsync>
<file name="btn_form_career.png" server="//192.168.1.155/design/40_design/WebsiteData/K_kanamic2014/backup/K_kanamic2014_子育てIR/" local="130939863160000000" remote="130939863160000000" Dst="0" />
<file name="btn_form_newgraduate.png" server="//192.168.1.155/design/40_design/WebsiteData/K_kanamic2014/backup/K_kanamic2014_子育てIR/" local="130939863160000000" remote="130939863160000000" Dst="0" />
<file name="ttl_career.jpg" server="//192.168.1.155/design/40_design/WebsiteData/K_kanamic2014/backup/K_kanamic2014_子育てIR/" local="130939863160000000" remote="130939863160000000" Dst="0" />
<file name="ttl_career_form.jpg" server="//192.168.1.155/design/40_design/WebsiteData/K_kanamic2014/backup/K_kanamic2014_子育てIR/" local="130939863160000000" remote="130939863160000000" Dst="0" />
<file name="ttl_newgraduates.jpg" server="//192.168.1.155/design/40_design/WebsiteData/K_kanamic2014/backup/K_kanamic2014_子育てIR/" local="130939863160000000" remote="130939863160000000" Dst="0" />
<file name="ttl_newgraduates_form.jpg" server="//192.168.1.155/design/40_design/WebsiteData/K_kanamic2014/backup/K_kanamic2014_子育てIR/" local="130939863160000000" remote="130939863160000000" Dst="0" />
<file name="ttl_recruit.jpg" server="//192.168.1.155/design/40_design/WebsiteData/K_kanamic2014/backup/K_kanamic2014_子育てIR/" local="130939863160000000" remote="130939863160000000" Dst="0" />
<file name="btn_resume-down.jpg.jpg" server="//192.168.1.155/design/40_design/WebsiteData/K_kanamic2014/backup/K_kanamic2014_子育てIR/" local="131180821360000000" remote="131180821360000000" Dst="0" />
<file name="btn_resume-down.png" server="//192.168.1.155/design/40_design/WebsiteData/K_kanamic2014/backup/K_kanamic2014_子育てIR/" local="131182282108115610" remote="131182282100000000" Dst="0" />
</dwsync>