<?xml version="1.0" encoding="utf-8" ?>
<dwsync>
<file name="ttl_recruit.jpg" server="//TS-XHLF90/design/40_design/WebsiteData/K_kanamic2014/" local="130576320680000000" remote="130576320680000000" Dst="0" />
<file name="ttl_newgraduates.jpg" server="//TS-XHLF90/design/40_design/WebsiteData/K_kanamic2014/" local="130576320680000000" remote="130576320680000000" Dst="0" />
<file name="ttl_newgraduates_form.jpg" server="//TS-XHLF90/design/40_design/WebsiteData/K_kanamic2014/" local="130576320680000000" remote="130576320680000000" Dst="0" />
<file name="ttl_career.jpg" server="//TS-XHLF90/design/40_design/WebsiteData/K_kanamic2014/" local="130576320680000000" remote="130576320680000000" Dst="0" />
<file name="ttl_career_form.jpg" server="//TS-XHLF90/design/40_design/WebsiteData/K_kanamic2014/" local="130576320680000000" remote="130576320680000000" Dst="0" />
<file name="btn_form_newgraduate.png" server="//TS-XHLF90/design/40_design/WebsiteData/K_kanamic2014/" local="130576320680000000" remote="130576320680000000" Dst="0" />
<file name="btn_form_career.png" server="//TS-XHLF90/design/40_design/WebsiteData/K_kanamic2014/" local="130576320680000000" remote="130576320680000000" Dst="0" />
<file name="btn_form.png" server="//TS-XHLF90/design/40_design/WebsiteData/K_kanamic2014/" local="130576320680000000" remote="130576320680000000" Dst="0" />
<file name="btn_upload.png" server="//TS-XHLF90/design/40_design/WebsiteData/K_kanamic2014/" local="130583376540000000" remote="130583376540000000" Dst="0" />
<file name="btn_resume.png" server="//TS-XHLF90/design/40_design/WebsiteData/K_kanamic2014/" local="130576320680000000" remote="130576320680000000" Dst="0" />
<file name="img_newgraduate_flow07.jpg" server="//TS-XHLF90/design/40_design/WebsiteData/K_kanamic2014/htdocs/" local="130576320680000000" remote="130576320680000000" Dst="0" />
<file name="img_newgraduate_flow06.jpg" server="//TS-XHLF90/design/40_design/WebsiteData/K_kanamic2014/htdocs/" local="130576320680000000" remote="130576320680000000" Dst="0" />
<file name="img_newgraduate_flow04.jpg" server="//TS-XHLF90/design/40_design/WebsiteData/K_kanamic2014/htdocs/" local="130699995890000000" remote="130699995890000000" Dst="0" />
<file name="img_newgraduate_flow03.jpg" server="//TS-XHLF90/design/40_design/WebsiteData/K_kanamic2014/htdocs/" local="130700000170000000" remote="130700000170000000" Dst="0" />
<file name="img_newgraduate_flow05.jpg" server="//TS-XHLF90/design/40_design/WebsiteData/K_kanamic2014/htdocs/" local="130581314060000000" remote="130581314060000000" Dst="0" />
</dwsync>